id_servicio,servicio,alias_servicio,id_especialidad,especialidad,id_servicio
88.0,DIVISION REUMATOLOGIA,REUMATOLOGIA,301.0,ESPONDILITIS,88.0
18.0,DEPARTAMENTO DE ALIMENTACION Y DIETETICA,ALIMENTACION Y DIETETICA,623.0,CIRUGIA BARIATRICA,18.0
88.0,DIVISION REUMATOLOGIA,REUMATOLOGIA,307.0,LUPUS,88.0
79.0,DIVISION NUTRICION,NUTRICION,691.0,OBESIDAD,79.0
93.0,DIVISION UROLOGIA,nan,213.0,ENDOUROLOGÍA,93.0
91.0,DIVISION UNIDAD CORONARIA,nan,480.0,PATOLOGIA QUIRURGICA,29.0
64.0,DIVISION CONSULTORIOS EXTERNOS - SECTOR A,CONSULTORIOS EXTERNOS,61.0,REUMATOLOGIA,64.0
88.0,DIVISION REUMATOLOGIA,REUMATOLOGIA,,nan,
34.0,DEPARTAMENTO DIAGNOSTICO POR IMAGENES,DIAGNOSTICO POR IMAGENES,131.0,DENSITOMETRIA OSEA,64.0
64.0,DIVISION CONSULTORIOS EXTERNOS - SECTOR A,CONSULTORIOS EXTERNOS,119.0,PEDIATRICA-ENDOCRINOLOGIA,64.0
65.0,DIVISION DERMATOLOGIA,CONSULTORIOS EXTERNOS - DERMATOLOGIA,312.0,PSICODERMATOLOGIA Y PSIQUIATRIA,65.0
973.0,CENTRO DE DOLOR BENIGNO,nan,,nan,
64.0,DIVISION CONSULTORIOS EXTERNOS - SECTOR A,CONSULTORIOS EXTERNOS,122.0,OSTEOPATIAS - ENDOCRINOLOGIA,64.0
937.0,DIVISION CONSULTORIOS EXTERNOS DE CIRUGIA,CONSULTORIOS EXTERNOS - CIRUGIA,144.0,NUTRICION BARIATRICA,937.0
65.0,DIVISION DERMATOLOGIA,CONSULTORIOS EXTERNOS - DERMATOLOGIA,315.0,PRACTICAS DERMATOLOGICAS,65.0
937.0,DIVISION CONSULTORIOS EXTERNOS DE CIRUGIA,CONSULTORIOS EXTERNOS - CIRUGIA,565.0,CIRUGÍA DE CABEZA Y CUELLO,937.0
71.0,DIVISION HEMATOLOGIA,nan,,nan,
77.0,DIVISION NEUROCIRUGIA,nan,711.0,CIRUGIA VASCULAR,77.0
953.0,DIVISION GINECOLOGÍA,GINECOLOGIA,433.0,PATOLOGÍA BENIGNA,953.0
927.0,DIVISION CONSULTORIOS EXTERNOS - SECTOR B,CONSULTORIOS EXTERNOS,24.0,NEUMONOLOGIA,927.0
65.0,DIVISION DERMATOLOGIA,CONSULTORIOS EXTERNOS - DERMATOLOGIA,654.0,HIDRADINITIS,65.0
27.0,DEPARTAMENTO DE MEDICINA (6º CATEDRA),nan,,nan,
65.0,DIVISION DERMATOLOGIA,CONSULTORIOS EXTERNOS - DERMATOLOGIA,660.0,UÑAS,65.0
77.0,DIVISION NEUROCIRUGIA,nan,,nan,
65.0,DIVISION DERMATOLOGIA,CONSULTORIOS EXTERNOS - DERMATOLOGIA,657.0,AMPOLLARES,65.0
937.0,DIVISION CONSULTORIOS EXTERNOS DE CIRUGIA,CONSULTORIOS EXTERNOS - CIRUGIA,547.0,CIRUGIA PLASTICA,19.0
78.0,DIVISION NEUROLOGIA,NEUROLOGIA,,nan,
80.0,DIVISION O.R.L.,OTORRINOLARINGOLOGIA,227.0,RINOLOGIA,80.0
28.0,DEPARTAMENTO DE MEDICINA CRITICA,nan,,nan,
64.0,DIVISION CONSULTORIOS EXTERNOS - SECTOR A,CONSULTORIOS EXTERNOS,,nan,
80.0,DIVISION O.R.L.,OTORRINOLARINGOLOGIA,230.0,CONSULTORIOS EXTERNOS/GUARDIA,80.0
80.0,DIVISION O.R.L.,OTORRINOLARINGOLOGIA,285.0,FONOAUDIOLOGIA,80.0
63.0,DIVISION CIRUGIA VASCULAR,nan,,nan,
88.0,DIVISION REUMATOLOGIA,REUMATOLOGIA,306.0,ESCLERODERMIA,88.0
899.0,DIVISION QUIROFANO DE ENDOUROLOGIA,nan,,nan,
64.0,DIVISION CONSULTORIOS EXTERNOS - SECTOR A,CONSULTORIOS EXTERNOS,11.0,NUTRICION,64.0
84.0,DIVISION ORTOPEDIA Y TRAUMATOLOGIA,nan,93.0,NEUROCIRUGIA,64.0
53.0,DIVISION AT.PRIMARIA Y AT.AMB.S MEN,nan,,nan,
29.0,DEPARTAMENTO DE PATOLOGIA,nan,479.0,PATOLOGIA GINECOLOGICA,29.0
77.0,DIVISION NEUROCIRUGIA,nan,425.0,SECTOR DOCENTE,77.0
93.0,DIVISION UROLOGIA,nan,287.0,ECOGRAFIA Y BIOPSIA,93.0
889.0,CENTRO DEL DOLOR CUIDADOS PALIATIVOS,nan,,nan,
89.0,DIVISION TERAPIA INTENSIVA,nan,,nan,
883.0,DIVISION MEDICINA NUCLEAR,nan,135.0,RADIOFARMACIA,883.0
77.0,DIVISION NEUROCIRUGIA,nan,480.0,PATOLOGIA QUIRURGICA,29.0
67.0,DIVISION ENDOCRINOLOGIA,ENDOCRINOLOGIA,96.0,NEFROLOGIA,74.0
67.0,DIVISION ENDOCRINOLOGIA,ENDOCRINOLOGIA,99.0,NEUROLOGIA INFANTIL,31.0
82.0,DIVISION OFTALMOLOGIA,OFTALMOLOGIA,32.0,CORNEA,82.0
64.0,DIVISION CONSULTORIOS EXTERNOS - SECTOR A,CONSULTORIOS EXTERNOS,257.0,INFORMATICA,906.0
65.0,DIVISION DERMATOLOGIA,CONSULTORIOS EXTERNOS - DERMATOLOGIA,659.0,TRICOLOGIA,65.0
87.0,DIVISION QUIROFANOS,nan,,nan,
65.0,DIVISION DERMATOLOGIA,CONSULTORIOS EXTERNOS - DERMATOLOGIA,662.0,ROSACEA,65.0
82.0,DIVISION OFTALMOLOGIA,OFTALMOLOGIA,93.0,NEUROCIRUGIA,64.0
77.0,DIVISION NEUROCIRUGIA,nan,602.0,MEDICINA PALIATIVA,77.0
92.0,DIVISION URGENCIAS,nan,715.0,PSQUIATRÍA,92.0
76.0,DIVISION NEUMONOLOGIA,nan,481.0,NEUMONOLOGÍA,76.0
901.0,LABORATORIO DE HEMODINAMIA,nan,,nan,
58.0,DIVISION CIRUGIA EXPERIMENTAL,nan,,nan,
929.0,DIVISION CONSULTORIOS EXTERNOS - TRAUMATOLOGIA,TRAUMATOLOGIA,196.0,TRAUMA,929.0
77.0,DIVISION NEUROCIRUGIA,nan,723.0,DEMANDA ESPONTANEA,77.0
76.0,DIVISION NEUMONOLOGIA,nan,,nan,
80.0,DIVISION O.R.L.,OTORRINOLARINGOLOGIA,435.0,FERTILIDAD ASISTIDA,953.0
31.0,DIVISION CONSULTORIOS EXTERNOS - PEDIATRIA,nan,96.0,NEFROLOGIA,74.0
973.0,CENTRO DE DOLOR BENIGNO,nan,679.0,HERIDA,973.0
901.0,LABORATORIO DE HEMODINAMIA,nan,60.0,ENDOCRINOLOGIA,64.0
964.0,DIVISION OSTEOPATIAS,nan,474.0,OSTEOPATIAS,964.0
31.0,DIVISION CONSULTORIOS EXTERNOS - PEDIATRIA,nan,99.0,NEUROLOGIA INFANTIL,31.0
33.0,DEPARTAMENTO DE TOCOGINECOLOGIA,nan,,nan,
83.0,DIVISION ONCOLOGIA,nan,,nan,
18.0,DEPARTAMENTO DE ALIMENTACION Y DIETETICA,ALIMENTACION Y DIETETICA,617.0,FERTILIDAD,18.0
57.0,DIVISION CIRUGIA CARDIACA,nan,169.0,MICOLOGIA,72.0
93.0,DIVISION UROLOGIA,nan,18.0,CURACIONES,93.0
986.0,FACULTAD DE ODONTOLOGIA,nan,,nan,
953.0,DIVISION GINECOLOGÍA,GINECOLOGIA,296.0,PATOLOGIA CERVICAL,953.0
93.0,DIVISION UROLOGIA,nan,15.0,ONCOLOGIA,93.0
,nan,nan,1.0,CONSULTORIOS EXTERNOS,67.0
84.0,DIVISION ORTOPEDIA Y TRAUMATOLOGIA,nan,,nan,
82.0,DIVISION OFTALMOLOGIA,OFTALMOLOGIA,214.0,MEDICINA INTERNA,0.0
50.0,DIVISION ALERGIA E INMUNOLOGIA,ALERGIA E INMUNOLOGIA,,nan,
65.0,DIVISION DERMATOLOGIA,CONSULTORIOS EXTERNOS - DERMATOLOGIA,65.0,INFECTOLOGIA,64.0
64.0,DIVISION CONSULTORIOS EXTERNOS - SECTOR A,CONSULTORIOS EXTERNOS,70.0,ENDO-ADOLECENCIA,64.0
22.0,DEPARTAMENTO DE HEMOTERAPIA,nan,406.0,HEMOTERÁPIA,22.0
84.0,DIVISION ORTOPEDIA Y TRAUMATOLOGIA,nan,60.0,ENDOCRINOLOGIA,64.0
72.0,DIVISION INFECTOLOGIA,INFECTOLOGÍA,332.0,GENERAL,72.0
71.0,DIVISION HEMATOLOGIA,nan,408.0,ONCOHEMATOLOGIA,71.0
75.0,DIVISION NEONATOLOGIA,nan,,nan,
80.0,DIVISION O.R.L.,OTORRINOLARINGOLOGIA,228.0,LARINGE,80.0
72.0,DIVISION INFECTOLOGIA,INFECTOLOGÍA,,nan,
70.0,DIVISION CONSULTORIOS EXTERNOS - GINECOLOGIA,GINECOLOGIA,,nan,
19.0,DEPARTAMENTO DE CIRUGIA,nan,,nan,
953.0,DIVISION GINECOLOGÍA,GINECOLOGIA,449.0,ONCOLOGÍA GINECOLÓGICA,953.0
56.0,DIVISION CARDIOLOGIA,nan,384.0,ERGOMETRÍA,56.0
18.0,DEPARTAMENTO DE ALIMENTACION Y DIETETICA,ALIMENTACION Y DIETETICA,610.0,LICENCIADO/A EN NUTRICION,18.0
18.0,DEPARTAMENTO DE ALIMENTACION Y DIETETICA,ALIMENTACION Y DIETETICA,613.0,CARDIOLOGIA,18.0
929.0,DIVISION CONSULTORIOS EXTERNOS - TRAUMATOLOGIA,TRAUMATOLOGIA,197.0,MIEMBRO SUPERIOR-MANO-MUÑECA-CODO-HOMBRO,929.0
32.0,DEPARTAMENTO DE SALUD MENTAL,nan,132.0,URGENCIAS PSIQUIATRICAS,32.0
937.0,DIVISION CONSULTORIOS EXTERNOS DE CIRUGIA,CONSULTORIOS EXTERNOS - CIRUGIA,44.0,CIRUGIA DE GASTRO,937.0
93.0,DIVISION UROLOGIA,nan,14.0,ANDROLOGIA,93.0
82.0,DIVISION OFTALMOLOGIA,OFTALMOLOGIA,61.0,REUMATOLOGIA,64.0
93.0,DIVISION UROLOGIA,nan,20.0,CARDIOLOGIA,927.0
906.0,DEPARTAMENTO INFORMATICA,INFORMATICA,,nan,
93.0,DIVISION UROLOGIA,nan,17.0,SEXOLOGIA,93.0
82.0,DIVISION OFTALMOLOGIA,OFTALMOLOGIA,67.0,NEUROFTALMOLOGIA,82.0
937.0,DIVISION CONSULTORIOS EXTERNOS DE CIRUGIA,CONSULTORIOS EXTERNOS - CIRUGIA,45.0,PROCTOLOGIA,937.0
937.0,DIVISION CONSULTORIOS EXTERNOS DE CIRUGIA,CONSULTORIOS EXTERNOS - CIRUGIA,42.0,FLEBOLOGIA,937.0
61.0,DIVISION CIRUGIA PLASTICA,nan,88.0,ESTETICA Y REPARADORA,61.0
979.0,DEPARTAMENTO DE MEDICINA (7º CATEDRA),nan,,nan,
984.0,REFLEXOLOGIA,REFLEXOLOGIA,,nan,
56.0,DIVISION CARDIOLOGIA,nan,383.0,ELECTROFISIOLOGÍA,56.0
76.0,DIVISION NEUMONOLOGIA,nan,190.0,BRONCOFIBROSCOPIA,76.0
80.0,DIVISION O.R.L.,OTORRINOLARINGOLOGIA,80.0,OBSTETRICIA,103.0
29.0,DEPARTAMENTO DE PATOLOGIA,nan,480.0,PATOLOGIA QUIRURGICA,29.0
954.0,DEPARTAMENTO DE MEDICINA AMBULATORIA,nan,,nan,
82.0,DIVISION OFTALMOLOGIA,OFTALMOLOGIA,,nan,
18.0,DEPARTAMENTO DE ALIMENTACION Y DIETETICA,ALIMENTACION Y DIETETICA,,nan,
76.0,DIVISION NEUMONOLOGIA,nan,498.0,Asma/EPOC,76.0
88.0,DIVISION REUMATOLOGIA,REUMATOLOGIA,461.0,DEMANDA ESPONTANEA,88.0
72.0,DIVISION INFECTOLOGIA,INFECTOLOGÍA,184.0,INMUNODEFICIENCIA,72.0
22.0,DEPARTAMENTO DE HEMOTERAPIA,nan,,nan,
65.0,DIVISION DERMATOLOGIA,CONSULTORIOS EXTERNOS - DERMATOLOGIA,402.0,CONSULTORIOS EXTERNOS,65.0
937.0,DIVISION CONSULTORIOS EXTERNOS DE CIRUGIA,CONSULTORIOS EXTERNOS - CIRUGIA,54.0,CIRUGIA PLASTICA,937.0
78.0,DIVISION NEUROLOGIA,NEUROLOGIA,152.0,CEFALEAS,78.0
78.0,DIVISION NEUROLOGIA,NEUROLOGIA,155.0,ESCLEROSIS MULTIPLE,78.0
70.0,DIVISION CONSULTORIOS EXTERNOS - GINECOLOGIA,GINECOLOGIA,134.0,CONSULTORIOS EXTERNOS,70.0
973.0,CENTRO DE DOLOR BENIGNO,nan,516.0,DOLOR CRONICO,973.0
64.0,DIVISION CONSULTORIOS EXTERNOS - SECTOR A,CONSULTORIOS EXTERNOS,93.0,NEUROCIRUGIA,64.0
65.0,DIVISION DERMATOLOGIA,CONSULTORIOS EXTERNOS - DERMATOLOGIA,103.0,COLAGENOPATIAS,65.0
65.0,DIVISION DERMATOLOGIA,CONSULTORIOS EXTERNOS - DERMATOLOGIA,713.0,PATOLOGIA VULVAR,65.0
72.0,DIVISION INFECTOLOGIA,INFECTOLOGÍA,169.0,MICOLOGIA,72.0
76.0,DIVISION NEUMONOLOGIA,nan,480.0,PATOLOGIA QUIRURGICA,29.0
18.0,DEPARTAMENTO DE ALIMENTACION Y DIETETICA,ALIMENTACION Y DIETETICA,173.0,CIRUGIA GENERAL,18.0
120.0,TRANSPLANTE MEDULA OSEA,nan,,nan,
975.0,DIVISION RADIOLOGIA INTERVENCIONISTA,nan,,nan,
953.0,DIVISION GINECOLOGÍA,GINECOLOGIA,459.0,ASESORAMIENTO GENÉTICO ONCOLÓGICO,953.0
88.0,DIVISION REUMATOLOGIA,REUMATOLOGIA,507.0,SJÖGREN,88.0
953.0,DIVISION GINECOLOGÍA,GINECOLOGIA,577.0,UROGINECO,953.0
76.0,DIVISION NEUMONOLOGIA,nan,439.0,BRONCOSCOPIA,76.0
65.0,DIVISION DERMATOLOGIA,CONSULTORIOS EXTERNOS - DERMATOLOGIA,108.0,DERMOESTETICA,65.0
65.0,DIVISION DERMATOLOGIA,CONSULTORIOS EXTERNOS - DERMATOLOGIA,102.0,CLINICA DERMATOLOGICA,65.0
34.0,DEPARTAMENTO DIAGNOSTICO POR IMAGENES,DIAGNOSTICO POR IMAGENES,280.0,INTERVENCIONISMO,34.0
60.0,DIVISION CIRUGIA ONCOLOGICA,nan,214.0,MEDICINA INTERNA,0.0
928.0,DIVISION DE MEDICINA INTERNA GENERAL,CLINICA MEDICA,,nan,
985.0,DIVISION CIRUGIA VENOSA Y LINFATICA,CIRUGIA VENOSA Y LINFATICA,,nan,
70.0,DIVISION CONSULTORIOS EXTERNOS - GINECOLOGIA,GINECOLOGIA,710.0,CAMPAÑA,70.0
85.0,DIVISION PEDIATRIA,nan,,nan,
56.0,DIVISION CARDIOLOGIA,nan,,nan,
70.0,DIVISION CONSULTORIOS EXTERNOS - GINECOLOGIA,GINECOLOGIA,164.0,ONCOLOGIA,70.0
937.0,DIVISION CONSULTORIOS EXTERNOS DE CIRUGIA,CONSULTORIOS EXTERNOS - CIRUGIA,47.0,VASCULAR ARTERIAL,937.0
937.0,DIVISION CONSULTORIOS EXTERNOS DE CIRUGIA,CONSULTORIOS EXTERNOS - CIRUGIA,50.0,UROLOGIA,937.0
99.0,LABORATORIO DE TERAPIA INTENSIVA,nan,,nan,
35.0,DEPARTAMENTO SERVICIO SOCIAL,SERVICIO SOCIAL,,nan,
92.0,DIVISION URGENCIAS,nan,,nan,
49.0,DIRECCION ESTADISTICAS Y ARCHIVO MEDICO,nan,,nan,
18.0,DEPARTAMENTO DE ALIMENTACION Y DIETETICA,ALIMENTACION Y DIETETICA,717.0,ENDOCRINOLOGIA,18.0
929.0,DIVISION CONSULTORIOS EXTERNOS - TRAUMATOLOGIA,TRAUMATOLOGIA,,nan,
34.0,DEPARTAMENTO DIAGNOSTICO POR IMAGENES,DIAGNOSTICO POR IMAGENES,,nan,
91.0,DIVISION UNIDAD CORONARIA,nan,,nan,
68.0,DIVISION GASTROENTEROLOGIA,GASTROENTEROLOGIA,214.0,MEDICINA INTERNA,0.0
64.0,DIVISION CONSULTORIOS EXTERNOS - SECTOR A,CONSULTORIOS EXTERNOS,60.0,ENDOCRINOLOGIA,64.0
934.0,INMUNOSUPRIMIDOS Y TRANSPLANTE RENAL,nan,,nan,
85.0,DIVISION PEDIATRIA,nan,100.0,PEDIATRIA,31.0
927.0,DIVISION CONSULTORIOS EXTERNOS - SECTOR B,CONSULTORIOS EXTERNOS,,nan,
57.0,DIVISION CIRUGIA CARDIACA,nan,,nan,
93.0,DIVISION UROLOGIA,nan,,nan,
90.0,DIVISION TOXICOLOGIA,nan,582.0,Toxicologia,90.0
937.0,DIVISION CONSULTORIOS EXTERNOS DE CIRUGIA,CONSULTORIOS EXTERNOS - CIRUGIA,627.0,CIRUGIA DE PAREDES,937.0
936.0,ADMISION DE PACIENTES,nan,,nan,
80.0,DIVISION O.R.L.,OTORRINOLARINGOLOGIA,221.0,CLINICA MÉDICA,92.0
93.0,DIVISION UROLOGIA,nan,2.0,QUIROFANO,93.0
56.0,DIVISION CARDIOLOGIA,nan,158.0,LAB. ECOCARDIOGRAFIA DOPPLER,56.0
92.0,DIVISION URGENCIAS,nan,216.0,CIRUGÍA,92.0
59.0,DIVISION CIRUGIA GASTROENTEROLOGICA,nan,397.0,SECRETARIA,59.0
93.0,DIVISION UROLOGIA,nan,60.0,ENDOCRINOLOGIA,64.0
92.0,DIVISION URGENCIAS,nan,219.0,UROLOGÍA,92.0
78.0,DIVISION NEUROLOGIA,NEUROLOGIA,151.0,NEUROLOGIA,78.0
59.0,DIVISION CIRUGIA GASTROENTEROLOGICA,nan,214.0,MEDICINA INTERNA,0.0
65.0,DIVISION DERMATOLOGIA,CONSULTORIOS EXTERNOS - DERMATOLOGIA,113.0,"ULCERAS, CICATRIZACION Y HERIDAS",65.0
65.0,DIVISION DERMATOLOGIA,CONSULTORIOS EXTERNOS - DERMATOLOGIA,110.0,PSORIASIS,65.0
32.0,DEPARTAMENTO DE SALUD MENTAL,nan,,nan,
70.0,DIVISION CONSULTORIOS EXTERNOS - GINECOLOGIA,GINECOLOGIA,165.0,PLANIFICACION FAMILIAR,70.0
953.0,DIVISION GINECOLOGÍA,GINECOLOGIA,460.0,HISTEROSCOPIA,953.0
68.0,DIVISION GASTROENTEROLOGIA,GASTROENTEROLOGIA,60.0,ENDOCRINOLOGIA,64.0
59.0,DIVISION CIRUGIA GASTROENTEROLOGICA,nan,,nan,
93.0,DIVISION UROLOGIA,nan,214.0,MEDICINA INTERNA,0.0
953.0,DIVISION GINECOLOGÍA,GINECOLOGIA,707.0,TRACTO GENITAL INFERIOR,953.0
82.0,DIVISION OFTALMOLOGIA,OFTALMOLOGIA,169.0,MICOLOGIA,72.0
64.0,DIVISION CONSULTORIOS EXTERNOS - SECTOR A,CONSULTORIOS EXTERNOS,19.0,MEDICINA INTERNA GENERAL,928.0
65.0,DIVISION DERMATOLOGIA,CONSULTORIOS EXTERNOS - DERMATOLOGIA,656.0,ESTOMATOLOGIA,65.0
57.0,DIVISION CIRUGIA CARDIACA,nan,214.0,MEDICINA INTERNA,0.0
70.0,DIVISION CONSULTORIOS EXTERNOS - GINECOLOGIA,GINECOLOGIA,708.0,PROGRAMA DE SEXOLOGIA Y SALUD SEXUAL,70.0
25.0,DEPARTAMENTO DE MEDICINA (4º CATEDRA),nan,,nan,
23.0,DEPARTAMENTO DE MEDICINA,nan,,nan,
68.0,DIVISION GASTROENTEROLOGIA,GASTROENTEROLOGIA,,nan,
60.0,DIVISION CIRUGIA ONCOLOGICA,nan,,nan,
92.0,DIVISION URGENCIAS,nan,217.0,TRAUMATOLOGÍA,92.0
967.0,HOSPITAL DE DIA PEDIATRIA / INTERNACION ONCOLOGIA,nan,,nan,
906.0,DEPARTAMENTO INFORMATICA,INFORMATICA,257.0,INFORMATICA,906.0
953.0,DIVISION GINECOLOGÍA,GINECOLOGIA,,nan,
65.0,DIVISION DERMATOLOGIA,CONSULTORIOS EXTERNOS - DERMATOLOGIA,311.0,DERMATITIS DE CONTACTO,65.0
24.0,DEPARTAMENTO DE MEDICINA (1º CATEDRA),nan,,nan,
81.0,DIVISION OBSTETRICIA,nan,,nan,
76.0,DIVISION NEUMONOLOGIA,nan,44.0,CIRUGIA DE GASTRO,937.0
31.0,DIVISION CONSULTORIOS EXTERNOS - PEDIATRIA,nan,,nan,
65.0,DIVISION DERMATOLOGIA,CONSULTORIOS EXTERNOS - DERMATOLOGIA,314.0,DERMATOLOGIA INFANTIL,65.0
67.0,DIVISION ENDOCRINOLOGIA,ENDOCRINOLOGIA,,nan,
937.0,DIVISION CONSULTORIOS EXTERNOS DE CIRUGIA,CONSULTORIOS EXTERNOS - CIRUGIA,567.0,NEUROCIRUGÍA,937.0
17.0,DEPARTAMENTO BIOQUIMICA CLINICA,nan,,nan,
74.0,DIVISION NEFROLOGIA,nan,,nan,
78.0,DIVISION NEUROLOGIA,NEUROLOGIA,156.0,NEUROMUSCULARES,78.0
927.0,DIVISION CONSULTORIOS EXTERNOS - SECTOR B,CONSULTORIOS EXTERNOS,184.0,INMUNODEFICIENCIA,72.0
68.0,DIVISION GASTROENTEROLOGIA,GASTROENTEROLOGIA,93.0,NEUROCIRUGIA,64.0
937.0,DIVISION CONSULTORIOS EXTERNOS DE CIRUGIA,CONSULTORIOS EXTERNOS - CIRUGIA,265.0,CONSULTORIOS EXTERNOS,937.0
928.0,DIVISION DE MEDICINA INTERNA GENERAL,CLINICA MEDICA,214.0,MEDICINA INTERNA,0.0
64.0,DIVISION CONSULTORIOS EXTERNOS - SECTOR A,CONSULTORIOS EXTERNOS,226.0,NUTRICION TT,64.0
64.0,DIVISION CONSULTORIOS EXTERNOS - SECTOR A,CONSULTORIOS EXTERNOS,223.0,ENDOCRINOLOGIA TT,0.0
34.0,DEPARTAMENTO DIAGNOSTICO POR IMAGENES,DIAGNOSTICO POR IMAGENES,1.0,CONSULTORIOS EXTERNOS,67.0
93.0,DIVISION UROLOGIA,nan,12.0,URODINAMIA,93.0
96.0,UROLOGIA APLICADA INST,nan,,nan,
65.0,DIVISION DERMATOLOGIA,CONSULTORIOS EXTERNOS - DERMATOLOGIA,268.0,VITILIGO,65.0
882.0,UCIP - UNIDAD CUIDADOS INTENSIVOS PEDIATRICOS,nan,,nan,
18.0,DEPARTAMENTO DE ALIMENTACION Y DIETETICA,ALIMENTACION Y DIETETICA,618.0,NEUROLOGIA,18.0
64.0,DIVISION CONSULTORIOS EXTERNOS - SECTOR A,CONSULTORIOS EXTERNOS,516.0,DOLOR CRONICO,973.0
77.0,DIVISION NEUROCIRUGIA,nan,629.0,NEUROFIBROMATOSIS,77.0
18.0,DEPARTAMENTO DE ALIMENTACION Y DIETETICA,ALIMENTACION Y DIETETICA,624.0,CIRUGIA ESOFAGO,18.0
983.0,DEPARTAMENTO DE UROLOGIA (CATEDRA),nan,651.0,CONSULTORIOS EXTERNOS,983.0
931.0,NEONATOLOGIA PATOLOGICA,nan,,nan,
953.0,DIVISION GINECOLOGÍA,GINECOLOGIA,435.0,FERTILIDAD ASISTIDA,953.0
78.0,DIVISION NEUROLOGIA,NEUROLOGIA,153.0,NEUROGERIATRIA,78.0
88.0,DIVISION REUMATOLOGIA,REUMATOLOGIA,457.0,INFILTRACIONES ARTROCENTESIS,88.0
62.0,DIVISION CIRUGIA TORACICA,CIRUGIA TORACICA,532.0,CONSULTORIOS EXTERNOS,62.0
56.0,DIVISION CARDIOLOGIA,nan,376.0,CARDIOLOGÍA ADULTOS,56.0
928.0,DIVISION DE MEDICINA INTERNA GENERAL,CLINICA MEDICA,19.0,MEDICINA INTERNA GENERAL,928.0
967.0,HOSPITAL DE DIA PEDIATRIA / INTERNACION ONCOLOGIA,nan,493.0,PEDIATRIA,967.0
62.0,DIVISION CIRUGIA TORACICA,CIRUGIA TORACICA,169.0,MICOLOGIA,72.0
80.0,DIVISION O.R.L.,OTORRINOLARINGOLOGIA,214.0,MEDICINA INTERNA,0.0
937.0,DIVISION CONSULTORIOS EXTERNOS DE CIRUGIA,CONSULTORIOS EXTERNOS - CIRUGIA,618.0,NEUROLOGIA,18.0
67.0,DIVISION ENDOCRINOLOGIA,ENDOCRINOLOGIA,1.0,CONSULTORIOS EXTERNOS,67.0
983.0,DEPARTAMENTO DE UROLOGIA (CATEDRA),nan,,nan,
59.0,DIVISION CIRUGIA GASTROENTEROLOGICA,nan,221.0,CLINICA MÉDICA,92.0
111.0,PROGRAMA HOSPITAL DE DIA,nan,,nan,
80.0,DIVISION O.R.L.,OTORRINOLARINGOLOGIA,150.0,OTOLOGIA,80.0
933.0,DIVISION CIRUGÍA GRAL. LAPAROSCÓPICA Y MINI-INVASIVA,nan,,nan,
79.0,DIVISION NUTRICION,NUTRICION,693.0,DIABETES TIPO 2,79.0
94.0,ESCUELA DE ENFERMERIA,nan,,nan,
61.0,DIVISION CIRUGIA PLASTICA,nan,,nan,
65.0,DIVISION DERMATOLOGIA,CONSULTORIOS EXTERNOS - DERMATOLOGIA,313.0,DERMATOSCOPIA,65.0
68.0,DIVISION GASTROENTEROLOGIA,GASTROENTEROLOGIA,248.0,CONSULTORIOS,68.0
79.0,DIVISION NUTRICION,NUTRICION,699.0,PIE DIABETICO,79.0
906.0,DEPARTAMENTO INFORMATICA,INFORMATICA,517.0,ONLINE,906.0
51.0,DIVISION ANESTESIOLOGIA,nan,,nan,
65.0,DIVISION DERMATOLOGIA,CONSULTORIOS EXTERNOS - DERMATOLOGIA,,nan,
93.0,DIVISION UROLOGIA,nan,13.0,URETRA,93.0
18.0,DEPARTAMENTO DE ALIMENTACION Y DIETETICA,ALIMENTACION Y DIETETICA,704.0,DERMATOLOGIA,18.0
976.0,TERAPIA INTENSIVA (GCBA),nan,,nan,
80.0,DIVISION O.R.L.,OTORRINOLARINGOLOGIA,229.0,PEDIATRIA/GUARDIA,80.0
953.0,DIVISION GINECOLOGÍA,GINECOLOGIA,294.0,PATOLOGIA VULVAR,953.0
,nan,nan,,nan,
93.0,DIVISION UROLOGIA,nan,16.0,LITIASIS,93.0
64.0,DIVISION CONSULTORIOS EXTERNOS - SECTOR A,CONSULTORIOS EXTERNOS,1.0,CONSULTORIOS EXTERNOS,67.0
927.0,DIVISION CONSULTORIOS EXTERNOS - SECTOR B,CONSULTORIOS EXTERNOS,621.0,INFECTOLOGÍA,927.0
927.0,DIVISION CONSULTORIOS EXTERNOS - SECTOR B,CONSULTORIOS EXTERNOS,23.0,NEFROLOGIA,927.0
31.0,DIVISION CONSULTORIOS EXTERNOS - PEDIATRIA,nan,308.0,LABORATORIO DEL SUEÑO,31.0
927.0,DIVISION CONSULTORIOS EXTERNOS - SECTOR B,CONSULTORIOS EXTERNOS,20.0,CARDIOLOGIA,927.0
65.0,DIVISION DERMATOLOGIA,CONSULTORIOS EXTERNOS - DERMATOLOGIA,661.0,CEDIGEA,65.0
90.0,DIVISION TOXICOLOGIA,nan,,nan,
26.0,DEPARTAMENTO DE MEDICINA (5º CATEDRA),nan,,nan,
928.0,DIVISION DE MEDICINA INTERNA GENERAL,CLINICA MEDICA,288.0,DEMANDA ESPONTANEA,928.0
65.0,DIVISION DERMATOLOGIA,CONSULTORIOS EXTERNOS - DERMATOLOGIA,112.0,ONCOLOGIA,65.0
,nan,nan,60.0,ENDOCRINOLOGIA,64.0
937.0,DIVISION CONSULTORIOS EXTERNOS DE CIRUGIA,CONSULTORIOS EXTERNOS - CIRUGIA,,nan,
82.0,DIVISION OFTALMOLOGIA,OFTALMOLOGIA,33.0,CONSULTORIOS EXTERNOS(EP),82.0
79.0,DIVISION NUTRICION,NUTRICION,324.0,NUTRICIÓN,79.0
79.0,DIVISION NUTRICION,NUTRICION,,nan,
83.0,DIVISION ONCOLOGIA,nan,255.0,CLINICA,83.0
62.0,DIVISION CIRUGIA TORACICA,CIRUGIA TORACICA,,nan,
32.0,DEPARTAMENTO DE SALUD MENTAL,nan,114.0,Internación,32.0
80.0,DIVISION O.R.L.,OTORRINOLARINGOLOGIA,60.0,ENDOCRINOLOGIA,64.0
937.0,DIVISION CONSULTORIOS EXTERNOS DE CIRUGIA,CONSULTORIOS EXTERNOS - CIRUGIA,46.0,CIRUGIA CARDIACA,937.0
937.0,DIVISION CONSULTORIOS EXTERNOS DE CIRUGIA,CONSULTORIOS EXTERNOS - CIRUGIA,49.0,CIRUGIA ONCOLOGICA,937.0
88.0,DIVISION REUMATOLOGIA,REUMATOLOGIA,508.0,REUMATOLOGIA,88.0
92.0,DIVISION URGENCIAS,nan,221.0,CLINICA MÉDICA,92.0
883.0,DIVISION MEDICINA NUCLEAR,nan,,nan,
74.0,DIVISION NEFROLOGIA,nan,212.0,HEMODIALISIS,74.0
60.0,DIVISION CIRUGIA ONCOLOGICA,nan,427.0,SECRETARIA,60.0
65.0,DIVISION DERMATOLOGIA,CONSULTORIOS EXTERNOS - DERMATOLOGIA,104.0,COSMEATRIA,65.0
80.0,DIVISION O.R.L.,OTORRINOLARINGOLOGIA,,nan,
71.0,DIVISION HEMATOLOGIA,nan,283.0,HEMATOLOGÍA GENERAL,71.0
930.0,UCIP - UNIDAD CUIDADOS INTENSIVOS PEDIATRICOS INTERMEDIO,nan,,nan,
