servicio,section_canonical,especialidad
DIVISION REUMATOLOGIA,ADMIN,ESPONDILITIS
DEPARTAMENTO DE ALIMENTACION Y DIETETICA,ADMIN,CIRUGIA BARIATRICA
DIVISION NUTRICION,ADMIN,OBESIDAD
DIVISION UROLOGIA,ADMIN,ENDOUROLOGÍA
DIVISION UNIDAD CORONARIA,ADMIN,PATOLOGIA QUIRURGICA
DIVISION CONSULTORIOS EXTERNOS - SECTOR A,ADMIN,REUMATOLOGIA
DEPARTAMENTO DIAGNOSTICO POR IMAGENES,ADMIN,DENSITOMETRIA OSEA
DIVISION DERMATOLOGIA,ADMIN,PSICODERMATOLOGIA Y PSIQUIATRIA
CENTRO DE DOLOR BENIGNO,WARD/FLOOR,HERIDA
DIVISION CONSULTORIOS EXTERNOS DE CIRUGIA,ADMIN,NUTRICION BARIATRICA
DIVISION HEMATOLOGIA,ADMIN,ONCOHEMATOLOGIA
DIVISION NEUROCIRUGIA,ADMIN,CIRUGIA VASCULAR
DIVISION GINECOLOGÍA,ADMIN,PATOLOGÍA BENIGNA
DIVISION CONSULTORIOS EXTERNOS - SECTOR B,ADMIN,NEUMONOLOGIA
DEPARTAMENTO DE MEDICINA (6º CATEDRA),ADMIN,
DIVISION NEUROLOGIA,ADMIN,CEFALEAS
DIVISION O.R.L.,ADMIN,RINOLOGIA
DEPARTAMENTO DE MEDICINA CRITICA,ADMIN,
DIVISION CIRUGIA VASCULAR,ADMIN,
DIVISION QUIROFANO DE ENDOUROLOGIA,OR/PROCEDURE,
DIVISION ORTOPEDIA Y TRAUMATOLOGIA,WARD/FLOOR,NEUROCIRUGIA
DIVISION AT.PRIMARIA Y AT.AMB.S MEN,ADMIN,
DEPARTAMENTO DE PATOLOGIA,ADMIN,PATOLOGIA GINECOLOGICA
CENTRO DEL DOLOR CUIDADOS PALIATIVOS,WARD/FLOOR,
DIVISION TERAPIA INTENSIVA,ICU/UTI,
DIVISION MEDICINA NUCLEAR,ADMIN,RADIOFARMACIA
DIVISION ENDOCRINOLOGIA,ADMIN,NEFROLOGIA
DIVISION OFTALMOLOGIA,ADMIN,CORNEA
DIVISION QUIROFANOS,ADMIN,
DIVISION URGENCIAS,ADMIN,PSQUIATRÍA
DIVISION NEUMONOLOGIA,ADMIN,NEUMONOLOGÍA
LABORATORIO DE HEMODINAMIA,OR/PROCEDURE,ENDOCRINOLOGIA
DIVISION CIRUGIA EXPERIMENTAL,ADMIN,
DIVISION CONSULTORIOS EXTERNOS - TRAUMATOLOGIA,WARD/FLOOR,TRAUMA
DIVISION CONSULTORIOS EXTERNOS - PEDIATRIA,ADMIN,NEFROLOGIA
DIVISION OSTEOPATIAS,ADMIN,OSTEOPATIAS
DEPARTAMENTO DE TOCOGINECOLOGIA,ADMIN,
DIVISION ONCOLOGIA,ADMIN,CLINICA
DIVISION CIRUGIA CARDIACA,ADMIN,MICOLOGIA
FACULTAD DE ODONTOLOGIA,ADMIN,
DIVISION ALERGIA E INMUNOLOGIA,ADMIN,
DEPARTAMENTO DE HEMOTERAPIA,OR/PROCEDURE,HEMOTERÁPIA
DIVISION INFECTOLOGIA,ADMIN,GENERAL
DIVISION NEONATOLOGIA,ADMIN,
DIVISION CONSULTORIOS EXTERNOS - GINECOLOGIA,ADMIN,CONSULTORIOS EXTERNOS
DEPARTAMENTO DE CIRUGIA,ADMIN,
DIVISION CARDIOLOGIA,WARD/FLOOR,ERGOMETRÍA
DEPARTAMENTO DE SALUD MENTAL,ADMIN,URGENCIAS PSIQUIATRICAS
DEPARTAMENTO INFORMATICA,ADMIN,INFORMATICA
DIVISION CIRUGIA PLASTICA,ADMIN,ESTETICA Y REPARADORA
DEPARTAMENTO DE MEDICINA (7º CATEDRA),ADMIN,
REFLEXOLOGIA,ADMIN,
DEPARTAMENTO DE MEDICINA AMBULATORIA,ADMIN,
TRANSPLANTE MEDULA OSEA,ADMIN,
DIVISION RADIOLOGIA INTERVENCIONISTA,ADMIN,
DIVISION CIRUGIA ONCOLOGICA,ADMIN,MEDICINA INTERNA
DIVISION DE MEDICINA INTERNA GENERAL,ADMIN,MEDICINA INTERNA
DIVISION CIRUGIA VENOSA Y LINFATICA,ADMIN,
DIVISION PEDIATRIA,ADMIN,PEDIATRIA
LABORATORIO DE TERAPIA INTENSIVA,ICU/UTI,
DEPARTAMENTO SERVICIO SOCIAL,ADMIN,
DIRECCION ESTADISTICAS Y ARCHIVO MEDICO,ADMIN,
DIVISION GASTROENTEROLOGIA,ADMIN,MEDICINA INTERNA
INMUNOSUPRIMIDOS Y TRANSPLANTE RENAL,ADMIN,
DIVISION TOXICOLOGIA,ADMIN,Toxicologia
ADMISION DE PACIENTES,ADMIN,
DIVISION CIRUGIA GASTROENTEROLOGICA,ADMIN,SECRETARIA
DEPARTAMENTO DE MEDICINA (4º CATEDRA),ADMIN,
DEPARTAMENTO DE MEDICINA,ADMIN,
HOSPITAL DE DIA PEDIATRIA / INTERNACION ONCOLOGIA,WARD/FLOOR,PEDIATRIA
DEPARTAMENTO DE MEDICINA (1º CATEDRA),ADMIN,
DIVISION OBSTETRICIA,ADMIN,
DEPARTAMENTO BIOQUIMICA CLINICA,OUTPATIENT/CLINIC,
DIVISION NEFROLOGIA,ADMIN,HEMODIALISIS
UROLOGIA APLICADA INST,ADMIN,
UCIP - UNIDAD CUIDADOS INTENSIVOS PEDIATRICOS,ADMIN,
DEPARTAMENTO DE UROLOGIA (CATEDRA),ADMIN,CONSULTORIOS EXTERNOS
NEONATOLOGIA PATOLOGICA,ADMIN,
DIVISION CIRUGIA TORACICA,ADMIN,CONSULTORIOS EXTERNOS
PROGRAMA HOSPITAL DE DIA,ADMIN,
DIVISION CIRUGÍA GRAL. LAPAROSCÓPICA Y MINI-INVASIVA,ADMIN,
ESCUELA DE ENFERMERIA,ADMIN,
DIVISION ANESTESIOLOGIA,ADMIN,
TERAPIA INTENSIVA (GCBA),ICU/UTI,
DEPARTAMENTO DE MEDICINA (5º CATEDRA),ADMIN,
UCIP - UNIDAD CUIDADOS INTENSIVOS PEDIATRICOS INTERMEDIO,ADMIN,
